word_raw,count
the,95530
piece,1571
and,45270
whoops,1050
tell,4142
it,53730
up,12569
you,114059
see,16338
he,19102
oh,28962
bent,27
first,2073
keep,1192
five,1187
say,5582
me,14001
yes,6549
her,6358
this,24681
sorry,803
a,65066
eat,4996
go,15721
treat,62
cradle,31
look,11319
never,955
in,27518
of,17549
what,43867
your,22422
shelf,66
steering,31
face,996
paper,1309
good,9541
walked,179
itself,65
at,9987
microphone,673
reached,64
uncle,303
all,10154
rocks,194
on,24565
could,2849
are,17847
color,1894
wet,476
like,17035
three,2274
to,42483
she,9224
put,12023
landed,168
there,17463
okay,23111
that,41067
flounder,68
want,13465
chocolate,737
have,18409
was,11708
department,43
around,2363
cousin,126
crayon,407
lovely,137
water,2279
daddy,3549
i,43635
ya,2292
thank,3204
kicking,41
bottle,529
whoa,891
did,12544
quick,477
writing,179
lunch,705
started,512
hearts,41
anywhere,154
eggnog,30
big,5321
gonna,10380
my,7563
lilacs,8
wrote,95
miss,450
changed,89
wish,200
pour,298
sinks,5
o,398
no,18259
is,33247
wings,128
glass,284
other,3334
down,7164
funny,1211
him,4577
bring,1248
can,17024
sea,337
for,12455
tape,937
bushes,45
ball,2914
be,7804
mhm,4025
right,14360
do,27116
play,5514
well,7223
elephants,912
back,5487
forgot,364
ready,2066
where,7301
robin,262
been,1084
these,3830
how,8870
without,283
why,5293
were,3495
went,2617
yum,310
going,6453
beginning,94
bagels,4
pumpkin,259
come,7853
egg,1239
dog,1888
read,2965
know,11998
better,1897
they,10824
birthday,891
but,7214
help,2106
story,1270
spoon,750
top,1202
more,4949
too,6039
table,1238
shape,195
watched,82
yeah,18648
will,3052
phone,696
pop,914
now,9266
strong,194
hi,1842
sticker,89
chi,3538
brussels,34
reach,235
arms,212
we,17758
rug,222
just,8147
apple,962
heavy,299
hot,1039
cube,69
clown,299
spider,266
round,433
their,1675
should,2608
tree,1027
two,4737
pudding,62
bed,1665
sure,2061
use,1442
man,792
considering,4
tires,32
cup,1108
very,4924
cat,1653
afraid,208
open,1721
kiss,815
about,5994
or,3883
hanging,123
shoulder,40
bloat,33
into,2016
thing,1728
knew,339
make,5618
tie,215
noise,518
once,430
give,2762
wood,161
over,5975
maria,65
think,9530
baby,5302
guys,450
cocoon,427
broke,376
by,1830
here,16461
second,540
not,10260
might,951
minutes,374
fish,989
remembered,54
much,1825
c,406
wore,46
loyal,14
ta,710
donna,106
moving,208
fly,407
getting,1418
bro,664
moon,1230
little,9717
apart,233
weeks,369
purple,556
them,7184
who,5473
slept,66
with,12312
sleep,820
attention,61
pretend,435
bumpy,43
lived,140
puzzle,534
oscar,137
joe,78
hope,314
long,1359
wednesday,281
hands,831
huh,7126
has,3559
placed,8
recyclables,1
people,1256
playing,1029
blow,598
though,939
understand,203
whose,352
nice,3465
night,1706
book,4156
mouse,354
hello,1605
throw,1485
way,2997
had,3356
uh,2403
else,3246
his,6219
mad,257
waved,204
flash,40
taken,93
made,1374
macaroni,161
ooh,1164
max,331
scratch,156
morning,1249
donkey,225
fourth,52
watertown,2
ate,2006
animal,324
empty,181
get,11455
head,1471
ah,1586
teeth,644
sitting,674
thought,1258
let,4136
kitty,886
camera,546
aw,388
cole,11
bout,311
loves,298
scarf,49
mickey,162
only,1186
black,632
wanna,6227
sing,715
those,3749
putting,543
set,587
words,281
sweetie,1439
some,8394
tv,434
push,1341
idea,681
hear,1217
already,676
caterpillar,1228
then,5800
orange,993
white,832
squirt,188
boo,562
through,2544
show,1798
percy,123
does,5003
train,1083
off,3937
tired,616
please,2239
sticky,288
able,225
together,1066
pick,1311
inside,1102
belle,87
while,1034
remember,2516
got,6150
almost,825
out,8981
ahead,863
love,1219
am,893
silence,24
saucers,28
same,705
always,679
because,4283
song,651
republicans,2
chair,1426
dishes,253
talk,1508
anyone,93
time,3368
glop,3
cheese,1012
accident,114
chewy,26
colin,102
welcome,411
looks,2206
shining,29
build,533
shall,692
food,1318
popsicle,96
things,1745
rip,93
alright,4329
one,18424
followed,71
later,898
hard,1082
began,135
side,692
container,63
bridge,281
mouth,1444
dunno,66
quack,398
something,3311
trucks,216
said,5734
yay,697
suppose,111
coffee,922
snow,631
taste,328
cookies,575
so,9107
starfish,61
house,2719
eating,1412
along,407
holding,267
balloon,631
mikey,53
clothes,489
yeh,370
gosh,722
mommy,4881
doing,3825
village,41
when,5648
stuck,663
spilled,131
christmas,339
card,142
nose,1133
which,1553
away,2391
thirsty,188
worry,157
easy,418
mailbox,42
another,2805
forest,111
past,321
still,2133
suburbs,1
light,972
dinner,544
hand,1320
sheep,226
wash,612
chicken,647
carpet,147
judy,137
lies,8
mug,13
paw,48
hey,1890
dot,51
ago,274
chin,109
box,2174
called,1790
even,1139
gets,503
small,903
bet,439
ears,480
fuller,2
mom,1147
mice,170
swamp,28
yet,740
grey,76
trunks,175
sunday,535
ethan,763
y,163
left,598
s,351
aunt,227
socks,261
garden,282
any,2193
rest,448
magnets,94
soccer,48
race,137
adam,1375
page,774
our,1442
goodbye,260
stand,574
cindy,65
ask,756
snip,225
door,1302
last,1297
find,2219
notice,68
tablecloth,34
bird,1041
kleenex,58
ones,721
great,1641
pants,388
pushing,137
museum,173
boots,313
diaper,426
troublesome,23
everybody,328
steelers,17
room,1498
pool,171
dogs,277
wanta,33
grandpa,147
than,1030
kind,2260
take,4372
gingham,1
drink,1217
brother,291
shoes,643
slug,20
beautiful,663
cookie,828
picture,1343
herself,91
end,807
question,164
hat,1288
stories,134
lap,261
merry,66
although,52
spatula,12
lemme,385
airplane,500
boy,2255
rubber,164
least,104
need,2646
sail,29
high,455
snake,352
indian,70
pears,256
lots,583
sad,276
must,901
waiter,5
middle,247
candles,69
bye,988
thunder,41
green,1742
cool,300
friend,498
potty,253
try,2228
day,1917
sugar,472
recorder,376
after,1552
button,376
truck,1164
supposed,696
turkey,237
live,701
sara,74
watch,1802
today,2129
mr,452
phoebe,170
meant,89
pushed,261
crackers,134
um,2634
elbow,72
wagon,134
birdie,75
beets,16
bear,2811
patrick,155
iron,78
papa,285
red,2186
streams,3
took,996
milk,1477
cuisinart,2
map,138
money,493
catch,612
would,4833
excuse,364
goes,2294
pull,987
fill,94
everywhere,191
as,2203
came,1532
minute,1382
pocket,336
waiting,200
dry,437
hats,120
drawing,246
blocks,673
field,81
far,331
cheat,25
done,1482
us,1782
meet,245
cake,856
turn,2448
auto,6
dirty,767
bounce,333
ride,651
splinter,20
supper,502
pennsylvania,26
stretched,33
six,605
safe,95
peas,129
hurt,776
marty,40
yours,568
nobody,305
circles,85
counter,66
hafta,331
dinosaur,394
babe,34
brush,418
tool,65
wanted,622
glad,195
closet,236
boston,114
strawberries,314
from,2377
wait,2204
arthur,91
amen,46
missus,114
next,1769
seedling,3
whatever,214
plums,270
principal,13
place,635
hyraxes,24
july,56
air,351
strawberry,175
quite,284
rock,339
fit,628
name,2204
moo,209
owl,769
edge,61
farm,259
leaf,610
berry,37
crash,196
mean,1455
write,782
pretty,2157
hold,1320
nuts,98
sit,2779
lily,909
backwards,157
eggs,426
hon,120
hungry,1925
lil,385
line,248
sam,261
tummy,217
clock,268
late,242
sleepy,300
if,5719
mars,30
seal,65
an,3415
pen,246
yoyo,26
fast,523
tasha,13
harold,91
square,268
ha,449
crow,24
drive,354
party,597
feel,765
tooth,158
above,175
sweet,293
instead,278
zoo,385
present,230
store,595
class,248
looked,506
job,575
pie,653
fits,184
landing,28
important,85
guessing,13
nie,5
nibbled,180
ten,510
grew,144
closer,282
perfectly,43
fix,946
trailer,48
sarah,1507
cow,745
grover,218
turns,118
woman,134
fall,737
attack,17
chickens,109
duck,959
meadows,3
buddy,112
cold,769
feet,782
own,377
stay,1097
listen,613
eyebrows,31
watermelon,243
stop,1080
really,2818
hedda,6
early,180
skip,42
colby,7
turtle,277
grinning,4
holes,260
sauce,119
taking,544
girl,1413
bathroom,108
figure,135
soup,406
many,1382
stiles,3
maine,52
lion,427
saturday,338
silly,1097
jenny,63
bacon,106
bounces,40
fingers,393
gate,88
rabbits,72
touch,823
h,153
comes,1050
plate,492
leave,1104
gone,526
reading,349
draw,1133
tomato,111
dressed,190
cut,811
may,767
giant,174
downstairs,189
few,412
stuff,942
copying,12
bit,1230
yellow,1145
tongue,181
trees,434
carry,235
pooh,306
wee,466
fun,857
buttons,162
toast,243
tails,39
spot,216
cabbage,31
anything,1112
oops,819
monkey,445
sound,343
friends,528
toad,148
year,473
missing,216
sweater,103
careful,1071
unfortunately,6
mister,276
everytime,21
hee,412
plates,129
exercises,22
yard,156
wants,815
cromer,131
control,20
building,281
yep,1395
napkins,42
trying,682
toys,1083
stars,253
pizza,170
rhode,43
choo,294
millions,109
mccarty,2
happened,1622
tractor,178
told,735
river,153
chrissie,15
car,2423
blue,1852
school,1901
clip,188
kitchen,673
tenth,13
outside,931
floppy,262
looking,1179
envelope,30
yup,775
trevor,182
boom,419
horse,498
sometimes,559
fact,59
coat,156
seth,137
snap,328
lines,78
bless,198
best,381
juice,1079
either,459
anyway,348
hen,133
except,167
bag,683
chips,111
lined,17
brave,68
throws,23
wow,2512
says,1595
frightened,43
cubs,30
new,1701
bad,667
himself,353
mountaintop,2
hair,1233
sticks,171
colors,478
enough,919
park,323
twelve,156
shiny,96
gotta,716
hippos,62
maybe,2577
animals,854
seeds,148
nest,120
jelly,160
honey,3509
butterflies,109
flags,15
lata,2
feline,2
chick,92
tall,402
basket,330
quiet,286
dump,278
nickel,69
fond,8
every,490
ching,4
mrs,436
found,1119
plop,41
eyes,899
shh,301
stirring,24
likes,567
ham,81
twenty,318
tissue,80
tuesday,245
boring,133
older,102
scared,410
anybody,261
digging,46
stretch,44
alex,1117
chug,224
sleeve,53
frog,432
stack,80
thursday,273
fraser,200
floor,1099
station,131
itchy,28
beast,49
bowl,559
magazine,55
strings,32
closed,236
word,449
hole,618
before,1160
rabbit,404
wipe,324
bar,80
leaned,11
ursula,303
mariana,147
nothing,534
bang,464
brown,517
tonight,448
close,952
sunshine,50
guy,517
bubbles,481
lagoon,2
shoot,166
freezing,28
buy,591
dentist,60
fight,90
schools,36
tucked,27
cook,353
upstairs,315
stomach,217
huge,150
witch,99
manuela,382
clean,901
shaking,45
zip,95
mistake,64
teacher,236
speak,95
jungle,48
pink,647
african,301
tock,41
makeup,11
freezer,44
shut,340
tea,711
tomorrow,652
sir,152
babies,403
runny,37
flew,487
giving,295
yourself,664
easter,168
toes,305
couple,335
package,59
designs,18
attach,55
talkin,13
lady,419
hide,246
anne,72
anxiously,5
cherry,291
excitable,30
walk,793
boat,484
asian,259
such,353
correct,21
corner,341
checking,54
arm,268
duh,41
slides,18
facing,13
scrub,69
doughnut,69
wonderful,143
mother,1081
cereals,3
engine,272
young,114
duper,10
oranges,260
star,351
gives,114
bumps,34
jennifer,35
grass,355
computer,51
means,344
real,823
makes,597
wall,372
four,1326
johnny,59
tight,128
die,42
sun,699
asha,20
swiss,172
tai,1
boys,287
sleeping,420
standing,223
trouble,162
jill,118
built,269
leaves,295
believe,272
part,678
alone,245
peek,158
call,1418
list,106
doll,315
turtles,77
dumptruck,44
gum,106
wearing,391
blinking,17
ran,360
books,697
till,80
ostrich,19
bam,59
circle,439
emily,100
cowboy,178
kingdom,35
wake,269
candy,297
movie,290
gingerbread,43
woke,100
trains,140
eye,421
sink,193
verbal,3
birds,317
bunny,1006
trip,138
proud,51
cupboard,16
gave,624
combine,3
bee,204
jumping,229
tapes,26
most,231
home,1744
dress,421
billy,82
coming,1113
record,204
across,204
each,359
week,487
sounds,346
follow,61
happen,355
chimney,406
pear,147
trunk,159
cats,133
bite,792
meat,251
hall,67
warm,442
weekend,116
announcement,6
slide,293
asked,582
opposed,6
shutter,2
lives,334
refrigerator,329
bow,134
tent,65
bugs,220
lollipop,212
horses,152
lee,18
arrived,46
barometer,1
shapes,162
belong,131
sixteen,49
rats,30
moment,80
pieces,509
york,139
flying,247
toby,55
caught,240
talking,709
fireplace,51
feed,254
sunglasses,43
under,990
elephant,922
everything,780
rules,34
pasta,52
fine,420
kittens,113
twist,40
needle,25
puke,7
check,249
polly,97
flower,313
grumbled,14
packed,124
bum,34
swiping,11
brain,18
nut,91
gaspard,26
bonk,117
yesterday,685
dancer,17
letting,34
sprinkle,30
matthew,272
finger,500
roared,114
prince,137
gentle,167
domes,1
engineer,47
plants,113
tried,195
hiccups,19
lumps,7
plain,72
j,265
swimming,352
guess,909
vibrating,6
world,174
row,97
rain,312
happens,438
steam,49
corn,381
whether,83
crib,119
telephone,300
saying,657
laughing,227
used,543
pay,102
steak,94
branches,58
hill,195
eleven,151
pussy,16
abe,1316
making,1032
fell,879
also,507
again,2473
panda,89
family,139
mark,104
sportscasters,19
stole,38
leads,11
ear,369
ever,672
goat,127
mess,354
horned,4
garbage,199
potatoes,199
watering,54
fancy,61
vegetables,149
camper,12
tusks,226
delicious,412
meow,321
sandwich,365
ice,997
nude,2
laughs,18
yummy,464
backpack,462
barely,29
split,23
pages,137
bus,762
grows,35
cessna,1
until,740
daughters,10
ouch,152
cars,555
l,213
duty,17
puppy,499
songs,90
calling,231
pleased,15
mix,203
slice,493
hippo,161
kuck,1
both,501
tray,116
bath,1035
cross,82
e,367
spout,26
works,283
bread,446
jump,637
storybook,3
north,76
children,272
eh,130
coloring,116
topham,20
dark,329
cummins,1
buck,60
breath,35
knows,169
probably,683
doggy,146
talkie,3
tania,4
soft,198
dollars,123
em,542
hurry,284
tasty,113
k,144
fries,42
exaggerates,1
anymore,686
cruel,13
sideways,27
pictures,511
spotty,7
salad,273
everyone,213
cleaner,43
monster,253
greenery,3
wrench,52
drawers,30
smell,232
saw,1323
hexagon,12
marks,39
oatmeal,205
santa,296
alphabet,84
tire,110
dream,127
secret,105
berserk,10
dropped,251
balls,254
approach,4
madame,29
jerk,6
kept,141
space,484
runs,222
terrible,114
ellie,27
poor,403
register,11
statue,48
start,646
wear,623
stew,67
blood,38
machine,141
spark,3
drawer,98
quietly,33
cutter,37
different,871
sweetheart,111
spin,140
herds,31
ocean,125
kenny,30
letter,448
american,16
gym,51
tickle,502
seems,94
cute,466
happily,41
bulldozer,58
flowers,446
april,102
dessert,171
donald,143
railroad,31
hum,65
fire,753
bracelet,93
grow,237
legs,346
el,80
thanks,492
happiest,5
seventy,26
tied,63
rudolph,20
jeff,29
dora,85
fireworks,28
plane,219
wrong,458
sis,614
shake,459
picnic,381
eats,141
mama,565
bob,169
seven,561
training,32
hippopotamus,88
leana,5
special,372
jet,19
stick,643
nap,460
happy,666
shadows,17
pajama,15
rides,116
upside,201
windows,99
shell,119
pair,183
bump,430
banana,359
peanut,245
yuck,135
pan,134
crying,288
crab,96
fan,84
pencils,57
cracker,145
dumb,29
person,315
gee,101
tallest,7
curls,78
annie,93
eight,476
actually,564
chantilly,127
ducklings,32
thomas,235
blob,11
rocking,179
piggy,144
singer,13
tig,20
walks,342
lay,301
tiny,531
rachel,138
w,171
winter,146
suddenly,143
kangaroo,200
carefully,54
drag,59
steve,75
sabato,21
bandana,10
tip,115
heard,391
dear,315
cozy,44
bulge,1
missed,214
denver,5
visiting,23
paintbrushes,2
seen,565
names,178
pedal,13
nana,219
walking,364
curlers,11
stopped,173
tasting,15
knees,70
pliers,40
hug,254
showing,73
swim,200
friday,340
discovered,9
named,170
ridiculous,26
beads,174
calf,163
finished,425
wide,127
prayers,33
cone,240
tease,11
dennison,9
rice,353
d,370
usually,283
clarinet,15
singing,182
busy,286
swing,303
number,457
doctor,362
blinks,6
heh,138
pricks,3
seed,61
paul,383
cream,619
hurts,154
hampshire,32
lala,12
cavities,11
freddy,14
shirt,587
talked,96
market,61
lowly,51
flour,126
kinda,329
riding,221
luck,61
break,625
wicked,34
stranger,18
wondering,51
races,4
spilling,32
directions,22
matt,78
groundhog,12
pea,26
eve,606
topple,1
spicy,21
cartoons,34
count,492
mowing,29
strip,36
deep,122
sat,274
awfully,41
squirrel,105
music,338
justin,11
cereal,306
hoe,23
hammers,10
lara,14
opens,73
purse,77
date,28
th,42
leather,7
tower,276
war,25
rolling,180
struck,11
circus,182
splash,142
oven,126
tap,76
beside,90
front,605
belly,217
old,1057
sneaking,14
hospital,163
lawn,38
breakfast,637
window,475
doggie,623
surprise,210
pond,61
everyday,95
bleep,85
champion,5
tangled,94
ringing,70
bobby,49
piglets,30
turning,169
falling,275
salmon,7
magic,210
beds,130
utah,11
bananas,129
blah,112
jug,33
checked,26
awful,144
auntie,332
games,147
cranky,110
julius,26
lunches,6
cups,265
near,294
woo,451
extinct,15
wind,256
beans,268
days,241
ruthie,6
signal,22
stayed,286
tinker,47
position,10
excellent,176
thumb,98
susan,63
neat,374
company,65
somewhere,229
address,14
exercising,9
normal,26
letters,275
sky,336
asleep,197
melting,23
higher,91
pencil,332
town,176
scales,26
lie,149
deet,4
bottles,167
pickle,243
poured,32
marked,8
whoop,259
pig,603
chase,67
glue,129
blueberries,98
noisy,75
x,132
awake,64
poop,61
cupcakes,28
hit,609
stella,69
smokestack,9
neck,329
beetle,30
someone,313
brings,54
maam,16
daniel,73
drew,84
dolly,86
rotten,22
eskimo,6
fluffy,27
rocky,58
videos,4
davy,7
june,372
yucky,177
princess,145
listening,109
jeanne,7
beach,421
snowing,33
island,86
ballerina,32
lulu,66
sand,189
anyways,28
often,162
soda,129
fork,191
momma,131
third,89
peggy,6
spanish,40
conner,13
commotion,2
wise,27
chatty,55
ariel,188
cause,276
picks,37
garage,267
closing,38
league,4
flush,18
roll,476
fresh,160
monkeys,67
wolf,167
super,71
king,192
peace,15
move,769
street,475
dangerous,63
grandma,421
gretel,15
having,713
alive,61
sentences,17
work,1183
bought,263
sits,64
powwow,1
dinosaurs,210
boot,62
stuffy,26
lid,74
topper,1
stairs,335
megan,23
spell,276
mu,6
someday,29
holds,43
sleepers,5
rainbow,120
years,250
sparrow,6
telephones,38
lost,411
scary,319
ben,65
scooter,63
comb,170
cutting,105
chose,8
blanket,296
sharp,113
cough,94
ted,35
wiped,23
choke,174
plays,80
claus,52
add,69
groups,39
dancing,252
chess,9
knee,122
goodies,8
rope,142
block,383
rhymes,37
news,104
pyramids,6
yogurt,302
heart,176
penguins,47
soul,11
pots,59
mississippi,29
collecting,13
tracks,111
fifteen,79
speaking,25
buffalo,17
graham,56
sticking,125
age,58
living,336
buzzer,7
starving,9
heads,56
addict,3
golf,50
game,559
church,138
kissing,103
kissed,68
paints,52
pony,69
pancakes,154
measure,88
lumber,11
oop,334
hiding,281
soap,140
aquarium,44
cha,174
gold,101
astra,39
ring,357
bell,166
favorite,593
poke,55
tools,91
promised,22
plant,141
relative,62
point,117
month,60
bok,68
explored,3
ugly,47
scare,70
gabby,60
mountains,24
cry,245
balancing,23
chasing,66
spiked,2
powder,80
fox,173
bubble,166
below,52
rescue,37
ceiling,60
jealous,23
bottom,314
africa,48
r,171
puerto,6
skinny,61
straight,239
cabin,9
broken,435
crayons,515
soon,450
thump,58
british,2
wonder,332
dada,56
father,226
stepmother,49
sniff,15
enjoyed,7
jesse,46
foot,606
travel,46
crack,149
sweating,9
toy,545
snuggle,59
dish,184
large,96
fallin,4
during,101
boxcar,5
turned,293
swam,42
post,34
its,511
magnet,167
potato,282
blowing,107
stone,115
asteroid,8
cheerios,58
jessica,100
temperature,38
stupid,49
running,295
bathe,35
flap,79
doodle,60
tasted,27
cupcake,198
colored,74
tilt,3
film,36
monument,1
dat,43
rocket,521
lookit,116
roller,59
daisy,197
carrot,155
decorations,13
speech,11
v,159
angels,18
goodness,80
lettuce,130
melissa,80
mushroom,37
vacation,90
gloria,84
fixed,162
wraps,6
report,50
whoosh,114
lilly,22
entire,18
newspaper,41
pee,102
taller,60
kinds,215
danny,62
whole,676
bench,51
wrapping,24
rectangle,73
bemoaning,2
backhoe,26
hours,60
floating,35
squishy,87
butter,510
buckle,58
lands,27
grade,36
michael,261
spreading,2
examine,5
daughter,43
drop,177
tiger,249
lot,981
cab,28
drain,127
dribble,29
ruled,3
frogs,79
dime,57
lamb,131
fiesta,5
oil,95
weather,48
finish,703
shells,52
points,57
koala,112
pillows,42
policeman,71
pinky,16
times,200
double,46
blueberry,53
rat,31
tail,488
purr,10
difference,71
battery,118
kite,54
poodle,25
flat,144
dizzy,60
myself,164
bunch,170
french,143
washing,143
gang,48
hears,21
bake,78
run,530
crocodile,99
dad,348
amazing,81
gas,125
telescope,40
sick,245
forget,300
shower,152
winnie,33
feeling,114
andy,70
size,97
foolish,16
murphy,37
pounds,94
football,243
tear,101
attached,48
drove,50
bees,69
knobs,4
mail,207
wheels,299
nearest,34
ducks,171
shoe,391
sandra,58
helmet,364
ground,245
syrup,66
trained,40
butt,16
gimme,113
swings,46
beaver,70
painting,117
malcolm,41
sell,44
ladder,98
hyenas,33
cub,37
hedge,17
somebody,491
band,64
nah,96
crowded,24
became,34
locked,50
voice,177
dirt,211
excused,21
police,171
banjo,27
outta,67
mall,71
koalas,17
sip,42
peoples,12
tumbled,21
sock,137
mummy,174
quirky,1
chops,29
seminar,1
george,115
nope,491
beef,78
doorbell,18
costume,63
office,130
jumps,127
change,291
knife,169
satellite,2
totally,35
scar,69
bigger,418
manny,8
flag,69
against,170
fat,451
motor,87
toot,241
cleans,19
bridget,4
chum,4
grammy,43
cards,168
eagle,23
tricks,58
sweaters,15
slap,18
barrel,33
sort,195
chip,88
teeny,55
passengers,112
fin,12
loses,4
tonic,41
rattle,54
mumble,3
glasses,231
cleaning,134
bones,90
mowed,6
bowels,1
humpty,64
dance,267
driving,231
pitching,4
cried,231
spots,70
raspberry,30
sword,57
nipple,14
hiccup,7
magnetic,28
helium,11
trampoline,19
plenty,89
bouncy,54
selections,1
pot,163
thousand,47
hang,408
doo,406
creeps,2
eaten,74
borrowed,3
ruined,13
crispy,6
takes,210
clay,94
scientific,1
typing,5
load,70
spill,173
vermont,24
alligator,153
pockets,61
full,396
cherries,38
cabinet,39
cuddled,6
mass,14
dead,77
dragon,112
tripping,4
needs,449
gasped,107
pancake,98
kitten,162
melon,16
send,88
insects,45
pompoms,26
becky,82
bobbie,2
jupiter,45
won,86
hammer,266
pre,3
trace,17
press,316
grandmother,72
stem,26
united,16
beauty,54
surprised,120
flip,95
kids,567
confused,30
m,268
properly,39
clouds,260
shirts,47
movies,68
care,337
til,35
bunnies,59
loud,237
jeep,44
crawl,51
bumble,109
biggest,71
since,192
added,27
cinderella,237
willie,15
pad,59
mighty,16
blasting,3
numbers,148
dough,205
string,228
swamps,30
fuzz,56
jimmy,45
naughty,90
woof,275
kings,13
ann,206
pickles,46
saving,16
ache,161
fiddlers,5
hound,7
towel,352
sending,13
sight,23
bakers,2
armor,10
bull,53
necklace,103
junior,33
type,103
telling,233
drinks,91
shouting,14
adios,6
thinks,112
squeeze,111
christina,23
simba,95
ma,215
bells,65
tam,23
asking,105
parent,9
philosophy,5
dots,42
key,149
elizabeth,31
pouches,1
hip,39
incentive,1
life,105
curb,6
absolutely,71
seat,278
charlie,96
pail,62
pokey,19
sponge,58
tart,17
pillow,304
assistant,2
camping,53
brought,361
rolls,48
subjecting,2
judge,8
december,29
understands,9
crept,14
wrapper,11
paste,35
nail,62
birdy,25
oval,43
suit,113
watching,215
drinking,231
sheryl,15
beard,62
pin,92
granddaughter,2
nervous,40
michelle,27
quarter,96
liked,186
raining,158
monday,281
hood,37
beak,40
sophia,4
filter,3
coke,63
gears,4
bureau,15
matter,522
mainly,2
elmo,302
esther,18
tears,30
jack,238
interesting,191
excited,100
view,44
balance,48
sisters,50
supermarket,77
opened,140
fourteen,78
hunt,22
answering,22
pinch,59
wipes,14
ink,43
queen,148
gotcha,40
medium,29
cod,17
deal,62
banished,2
mustache,67
echo,14
couch,196
pigs,198
chapter,5
slow,175
halves,7
zero,78
fairy,90
stacking,7
claire,7
smells,72
mine,614
weight,19
evening,36
hooray,154
rainy,27
texas,101
moth,9
fixing,84
proper,12
kisses,109
bundles,31
olivia,132
triangle,211
eli,15
joseph,9
ants,80
january,22
ant,96
dock,10
share,166
commodore,1
bike,216
chased,60
shop,141
squares,38
being,510
alley,106
finding,42
lining,4
between,213
labor,5
metal,79
uhh,7
dip,83
teach,107
ruby,147
frank,25
bakery,72
plastic,118
picking,114
bug,309
whisk,20
changing,46
vanilla,59
club,42
behind,459
stockings,10
covers,56
cartwheel,5
baffle,1
escalator,24
convince,2
motorcycle,132
sale,33
noodle,76
z,92
u,135
weigh,10
gathering,7
country,99
binoculars,8
tom,79
wild,148
popcorn,114
peach,55
picked,195
rather,147
castle,129
alan,12
lionel,2
stove,114
arsenio,6
delivers,7
fingernails,28
grassy,5
sunk,4
smart,252
prizes,20
robitussin,3
karen,32
body,156
pajamas,141
dan,35
cheesy,27
angry,130
shot,76
basketball,59
keeping,37
grocery,83
skunks,12
ugh,68
bean,104
tarts,10
dum,31
clowns,39
scissors,158
p,275
whom,36
cooperating,10
rosie,88
furry,67
fred,64
thirteen,78
slip,44
asks,31
track,284
hate,109
section,14
patting,24
fishing,81
months,143
alpine,3
teddy,350
recent,5
goose,105
fascinated,5
gram,2
lucy,51
jam,85
da,167
lights,188
lose,182
boos,2
umbrella,148
mike,102
rise,21
cob,42
chairs,146
drip,55
ribbons,19
jar,106
brothers,52
varmint,1
weed,9
wire,85
darker,18
milly,1
horn,137
pageant,4
halloween,119
mirror,224
bellies,4
writes,25
golem,6
child,74
faces,57
fossil,10
perfect,93
journals,1
rode,59
option,2
november,21
busied,1
tallulah,31
toe,153
michigan,17
smile,99
mind,221
threw,209
untie,29
kidney,10
skipped,48
toothbrush,132
flick,18
god,392
foxy,15
loop,41
jeez,56
cheery,3
matty,5
tanya,63
punch,99
farmer,146
moose,68
creatures,68
girls,195
rounded,35
kully,8
city,151
paint,317
cray,2
pass,73
frisbee,15
oughta,14
baker,26
exploring,7
mountain,106
venus,11
schoolbus,20
win,101
pickled,18
wedding,49
heather,33
exactly,182
overnight,9
stepped,60
gracious,48
seagulls,13
deserve,33
junky,10
grouchy,13
chris,62
shovel,167
marry,40
sniffles,5
case,107
diet,49
allergic,14
ravioli,12
men,196
manner,2
matching,51
bubbled,2
andrew,91
road,264
wig,32
straws,11
grapes,170
dave,12
stalks,4
seats,46
explode,5
underneath,152
reads,34
magnificent,11
brats,1
numbered,2
dried,42
frederick,57
nativity,6
true,279
thinking,261
chicks,55
loved,89
mussels,3
shawn,2
roommate,1
strange,98
wine,35
stir,129
nineteen,55
fool,29
lord,37
wears,92
discuss,7
rolly,16
jade,2
tunnel,183
charged,7
amanda,216
adopted,1
rascal,9
spaghetti,159
helicopter,89
mailman,50
sneakers,55
rhyming,10
blew,76
stopper,3
heater,13
treasure,22
parents,66
knot,49
wound,7
board,156
washer,9
vampire,7
fair,103
sifting,1
vase,33
jo,47
bother,59
tomatoes,106
gun,126
mixed,84
slippers,89
grape,114
beep,153
drank,79
puppets,77
cloth,66
switch,138
salt,171
harder,64
acorn,37
birdies,37
turnips,6
watches,26
barrette,43
trader,1
penny,138
nine,438
meanwhile,24
connecting,3
wheel,191
brandy,1
bandaid,52
carol,55
bark,153
jumped,216
cubes,35
rates,1
branch,36
ding,196
fabian,11
bands,19
timmy,31
maker,36
combing,32
plan,51
protect,29
climbs,11
fragile,14
catches,19
minding,9
larks,3
hour,161
snowman,129
among,8
cave,43
leg,296
generally,10
microscope,8
afterwards,55
tab,18
slipper,63
doom,1
nick,19
shock,6
spells,130
cows,161
handcuffs,3
t,354
tommy,74
extra,102
radiator,17
pete,42
pine,33
ladies,40
cans,38
geese,74
smelling,11
minnie,47
rifle,8
growing,132
cord,58
tugboat,20
match,198
victor,9
earth,115
shift,12
tee,56
bologna,16
hopefully,18
john,162
wool,37
scorpion,5
alabama,13
longer,161
thirty,250
venture,1
tripped,14
low,69
shared,14
tastes,131
banner,2
triceratops,23
ema,34
falls,137
problems,43
seeing,59
broccoli,126
naked,74
cages,9
christa,53
screwdriver,79
whale,113
ow,196
drowned,10
wax,27
debby,2
jay,69
argued,5
assuming,3
opening,57
drill,22
state,174
poppies,12
quarts,45
deliver,10
raisins,160
spoons,130
moved,87
propeller,26
handkerchiefs,6
hundred,225
douglas,30
behavior,3
sees,77
kid,206
superhero,8
sprouts,42
throwing,149
whispering,26
seamstress,2
cage,54
amber,12
snack,153
giraffe,233
feast,6
cousins,73
stool,148
baggy,7
calls,84
rid,93
walter,6
iced,37
neva,1
roast,59
tank,37
themselves,82
fooling,39
player,56
n,290
dripping,34
stage,32
library,195
eleanor,14
saber,15
following,56
pulled,128
lemon,83
dries,18
norman,87
cardboard,37
gently,100
piled,11
laugh,106
knocked,147
hoof,6
screws,30
vigor,22
raggedy,91
spanking,49
album,7
deer,48
lips,63
pans,35
mischief,12
states,50
customers,11
husband,34
spiderman,6
sunny,115
collection,23
climb,260
half,374
nevada,9
tells,82
sew,18
fried,16
ellen,23
lids,7
cottage,68
bill,73
livingroom,3
crank,22
hop,181
dandelions,11
waving,75
boop,124
bud,14
cents,53
italian,29
rough,100
wyoming,19
possibly,18
flies,91
q,64
worm,116
backs,38
bond,8
bong,30
advance,12
divers,2
needed,67
betty,113
artistic,6
snort,42
upon,108
literally,18
curled,10
fold,120
thirteenth,7
modern,11
unstuck,6
anytime,19
collapsed,6
pipe,88
puffer,10
brushed,13
human,61
penguin,42
sucking,11
cigarettes,22
sly,7
ditch,5
birth,73
duster,2
bend,49
walkie,9
interested,68
guitar,56
peppermint,15
brownie,21
olives,56
annoying,11
keys,133
moses,2
monks,9
batteries,119
mat,188
sidewalk,56
courtney,79
staying,48
impressed,13
others,55
airplanes,37
borders,6
hers,53
freeze,23
tammy,8
wheat,213
art,47
backward,12
learned,73
wiping,25
barn,184
g,199
easier,114
sneeze,56
minds,6
biscuit,65
charlene,7
bonnie,37
learning,53
spitting,23
paying,34
fussy,15
broom,110
measuring,40
faster,137
rubbish,11
feather,71
pretending,115
lamp,47
wishing,9
cocoa,52
answer,165
paris,40
course,207
bambi,84
clap,181
maggie,52
recording,80
shorts,46
nightmare,28
excess,7
peter,184
sh,46
score,18
waited,42
calendar,25
particles,4
india,35
chubby,20
pods,5
grunts,2
spent,27
smiled,37
chicago,14
ais,26
belongs,129
base,33
debbie,61
mused,2
wrap,55
burp,57
muffins,36
ladybug,88
sandals,18
working,233
relax,38
mistakes,8
sandbox,51
burn,56
charging,6
fruit,212
cauliflower,19
copilot,6
yikes,64
imitate,3
filled,82
chart,15
fields,21
licked,18
headband,7
wink,12
cane,25
bites,112
kernels,3
hook,160
kick,203
laundry,76
hilda,112
lipstick,25
xylophone,36
drying,31
flute,23
norm,3
tweet,123
sugars,12
tiptoe,41
neatest,3
smooth,112
ribbon,71
gail,64
f,162
royal,17
paddington,130
lucille,29
snail,78
flowing,7
emerson,14
sixty,37
mention,11
deities,1
belt,93
crane,66
died,48
handle,111
suitcase,106
peeling,17
puppies,84
gal,17
plum,51
hay,56
helping,107
peaches,58
steven,36
mining,3
chalk,67
baseball,115
gentleman,5
almond,42
humm,32
spit,55
wallaby,9
itsy,33
jello,51
poster,29
pirate,80
lucas,7
shouted,80
underpants,47
offer,22
solve,7
completely,37
bags,52
erasing,9
liam,81
blonde,21
windshield,15
surface,31
feels,117
memorize,2
grand,48
bat,120
chomp,5
females,1
apples,170
blower,10
taught,95
slinky,17
timothy,7
searching,18
b,405
ship,105
wilson,54
dying,24
handy,5
disneyland,17
babes,20
unzip,13
raise,11
wrappers,1
fiddle,32
kool,12
defeated,1
pads,12
turkeys,22
seaweed,19
amenity,1
alexander,12
bedtime,64
hyper,15
spawn,1
toothpaste,60
skunk,40
fuzzy,114
chitlins,6
sounded,48
mary,122
decision,9
gus,30
handles,9
dressing,59
bin,22
messy,118
tonya,9
fussed,1
frosty,27
alec,39
dryer,26
camel,97
waves,33
smiles,10
spring,84
awhile,56
driver,179
ruin,33
snacks,43
necessarily,13
rearranged,2
quart,13
sportscaster,27
salina,2
remembering,12
choose,55
teriyaki,6
desk,101
silver,75
afternoon,167
roar,51
horrible,18
disguised,7
direction,41
nelson,25
bookshelf,8
eddy,26
spear,23
dig,146
florida,44
freight,30
scoot,30
buddha,10
production,1
investigator,11
tangerine,10
joy,23
short,154
female,66
vietnam,1
video,44
jacket,120
angel,52
zebra,116
visited,17
drum,104
gotten,60
punished,12
melts,16
mop,47
pepsi,20
china,36
zoomed,9
colts,2
dolphin,30
ridges,34
runner,5
paddles,2
lesson,37
sang,60
current,9
problem,144
crumb,9
tickets,26
chirp,18
rained,125
tonsils,36
drafting,3
laurie,52
unusual,18
claws,39
bubbly,4
pork,50
parrot,78
drives,84
po,58
lisa,84
popped,106
carmen,8
puffed,49
blaming,2
slippery,39
rag,15
piglet,86
sawing,8
kee,3
puts,101
nights,22
roof,120
nikki,10
stan,37
team,43
cooking,164
visit,179
email,5
sent,86
hoot,23
using,153
murray,11
parsley,24
onion,34
drivers,8
seem,95
yarn,27
sides,52
equals,3
painted,70
helped,75
skin,126
mud,185
mumma,18
funnier,1
tablet,9
forever,46
pack,86
bone,117
cushion,14
kidding,97
spew,1
nowhere,21
starts,96
nurse,165
begins,39
played,266
yelling,47
tucking,4
recipe,27
linking,1
cap,81
fredrick,36
dining,23
places,78
raccoon,68
simon,9
students,20
grain,32
billions,2
kris,3
onto,256
fuselage,4
brand,53
web,17
embroidered,2
honk,57
heat,45
pocketbook,59
motions,1
oliver,178
pipes,11
moore,7
tuna,67
gravy,38
smiling,70
rush,46
wandering,5
jaguar,26
resume,2
amount,38
pistol,8
valley,25
tacos,30
mealtime,5
facts,3
lift,137
grind,18
windy,48
hokey,14
jars,8
sausage,219
flips,8
dos,4
shouts,11
journey,114
sweets,166
milkshake,23
stepping,41
carrie,11
prize,73
lair,6
starry,5
hah,44
shadow,71
pineapple,40
van,70
pup,23
shy,85
rhinoceros,98
triple,11
jasmine,48
beyond,24
presentation,3
de,16
candle,75
sydney,4
crazy,134
fink,2
meg,28
muzzle,15
mexico,25
maple,34
whenever,53
missy,7
champagne,2
waddle,7
cheek,49
basil,11
oar,6
pouring,51
tossed,10
whales,20
tinkled,3
counting,54
happiness,9
skates,26
raisin,70
puddle,158
decide,57
babysit,21
land,178
buster,22
diez,2
trick,127
proudly,11
beluga,22
di,119
outing,3
scribble,34
vine,11
ru,5
cheeks,36
foster,4
gray,55
signaled,4
toothpicks,1
written,21
calm,48
eaters,8
happening,224
nails,51
learn,263
canopy,1
wobbled,7
tick,144
ribbit,66
slowly,69
sandy,75
bo,11
glared,3
movement,5
la,164
soggy,115
loon,7
yelled,52
sized,16
bock,49
gowns,1
min,2
reported,3
pointing,37
ari,4
slipped,36
sufficient,1
reservoir,4
driveway,26
jessie,36
henry,82
dolls,133
swims,30
finishing,13
hid,51
design,45
tough,66
knights,10
squeaks,20
shortly,7
chest,97
countries,14
sneezed,26
sophisticated,4
darling,45
bobo,53
shredded,6
tag,26
nursing,57
overhead,11
parties,16
grab,102
hamburgers,24
ought,51
mcdonald,14
burnt,15
gallery,5
jane,80
scratchy,61
praise,6
anyplace,8
archaeologist,2
climbing,105
amateurs,1
fluttered,2
yawning,46
lego,101
idaho,18
softly,62
pile,88
bolt,15
spine,7
clifford,37
reminds,26
lobster,114
stamp,43
harvey,34
zephyr,1
frustrated,23
preservers,1
seemed,32
greenwich,4
ax,25
dominoes,20
cheaper,7
peck,45
september,38
curly,45
leftovers,6
abra,4
glued,18
germany,9
nighttime,25
mario,11
brontosaurus,17
thieves,9
pattern,18
patter,43
losing,39
reindeer,52
spice,11
inches,23
engines,38
ferris,12
cinnamon,43
tone,8
herd,37
disagreed,1
vest,22
preferred,3
cautious,4
shown,9
erase,61
cantaloupe,21
development,3
harry,35
overdo,1
craig,16
stations,3
jean,35
pitcher,49
dresser,22
butch,29
hyena,23
kill,64
ninety,36
drops,34
bathtub,41
group,80
quit,43
buried,22
dawn,8
poppy,24
bait,10
suggestion,3
babysitting,10
puzzles,93
fence,180
somersault,20
lasso,8
wacky,10
peppers,58
terry,25
mixer,80
creature,54
muddy,15
ray,31
melted,18
pa,22
squeak,170
throat,74
aliens,13
whisper,33
expensive,23
gloves,49
touching,89
tennis,59
ernie,233
sled,34
squid,27
dwarves,24
bay,11
nu,3
dishwasher,6
howard,3
coal,44
blank,8
cheetah,2
switches,4
unhook,4
ivory,31
shit,32
project,14
stroller,56
cheap,15
vanessa,13
hoop,20
cape,41
guacamole,44
carrots,189
dust,54
bringing,92
speeding,6
damn,51
laney,20
needles,6
france,51
gondola,6
turrets,3
tomb,1
knock,275
shook,39
coconuts,1
summer,219
gobble,75
prunes,12
swinging,56
pirates,35
elmer,24
bumped,76
instructions,7
imagine,52
fifty,165
swimmers,32
lets,57
waah,5
porcupines,4
scuttle,9
grinch,3
stops,42
chunky,5
whatnot,3
swan,16
digs,11
brushing,64
unlock,11
fault,20
intermission,3
carriage,45
mermaid,31
reflected,2
donuts,11
anaheim,4
jokes,12
burst,14
shocking,9
barked,9
hamsters,4
rooster,133
sister,331
huffed,13
ana,88
sizes,13
brains,5
smaller,147
hola,17
ducking,2
worms,30
steel,7
chew,254
swoop,6
fifth,28
step,182
tub,66
sings,45
weep,2
dumbo,45
uncovered,2
cobwebs,20
chores,14
bridges,10
shopping,152
eighteen,51
lemonade,53
sore,69
scott,7
finally,98
sophie,5
chlorophyll,2
clam,36
cola,11
gutter,2
separated,6
hung,65
ginger,29
hopped,22
watchdog,3
trough,3
elastic,30
prints,5
liquid,14
snowflakes,29
pleaded,8
agree,15
crunching,13
notch,2
boiling,15
ee,39
dripped,105
teasing,39
lilac,4
choices,22
quarters,21
forward,42
er,57
laredo,1
melt,36
practice,43
sacrifice,3
trade,40
sentence,17
salami,234
glorious,2
comfortable,75
starting,68
exciting,128
causing,4
fridge,39
mucha,2
joke,78
tusk,24
felt,281
laughed,86
scuba,6
freckle,11
loosen,6
tripod,81
touches,6
pins,24
ninja,22
pound,43
moons,14
given,36
weave,1
munch,18
allowed,39
suicide,2
pout,11
handsome,34
ass,4
neighbor,22
hollow,10
plumber,11
mattress,29
balloons,148
aid,22
sleeps,61
hanukkah,11
barney,19
fritz,14
folding,28
teaching,28
lakes,9
counters,4
sulfide,2
ashes,22
butterfly,464
absorb,2
hunters,14
ramp,58
thick,47
pascal,49
james,50
swollen,7
center,42
newton,4
terribly,11
cover,304
dumpling,5
wooly,13
tush,8
instruments,27
translating,2
bertie,6
reporters,20
click,86
connie,12
minnesota,17
service,14
keeps,128
shortstop,1
tricked,14
planets,30
cleared,10
taxis,5
canister,2
restaurant,65
quilt,23
pumpkins,31
hercules,7
situation,18
kangaroos,16
teapot,35
eliza,13
stealing,11
bears,225
gravity,5
hugs,26
mush,33
commons,1
jellies,8
cop,8
president,19
stickers,96
racquet,20
violin,46
decorate,17
cushions,5
awakened,5
available,7
sunset,9
freak,7
anxious,6
walker,16
throats,34
jen,28
teenager,13
aislinn,115
crawling,40
tucker,3
frankie,8
christopher,101
wakefield,1
toolbox,28
mostly,28
jamie,123
son,76
imbalance,1
ankles,3
staple,8
carries,46
waitress,4
appear,11
upset,66
pouch,40
churn,4
webs,10
audience,8
sweep,41
sludge,19
shaker,10
manatee,33
bowling,30
explorer,17
wizard,23
helpful,23
panic,5
rattles,15
wheaties,5
regular,91
baths,78
sofa,44
missouri,12
cafeteria,44
kindergarten,51
planned,7
tops,36
rate,7
bases,11
tightly,10
arches,1
hills,12
rosita,17
marbles,42
lawnmower,9
rory,23
sometime,59
straightened,6
foods,51
reason,91
darrel,1
slick,5
sprinkles,20
noses,22
roy,35
inspecting,1
tons,5
moby,24
slush,4
peeking,31
connect,26
advertisement,9
nests,10
cambridge,19
laura,86
soy,40
anchor,6
smoke,96
dewey,10
nemo,56
burger,31
pens,22
pinched,7
impressive,9
sash,10
furnaces,1
amelia,19
puffing,5
stood,86
terrific,79
buns,16
fireflies,3
coach,25
dee,73
folks,10
greg,15
provide,4
twinkle,88
op,81
oy,84
mower,15
superman,11
screens,6
stuffed,59
daycare,5
parking,39
thi,3
kay,65
bah,41
busting,2
august,30
bun,27
bulb,22
rusty,31
coins,20
worked,70
coupons,6
edward,6
parts,73
fudge,36
possible,24
easily,24
mistaken,4
wed,2
realized,24
novelty,1
davis,19
television,79
ladders,9
troy,3
weevils,1
choice,66
louder,65
healthy,29
daddies,14
spared,1
perhaps,116
save,153
knowing,9
bookcase,12
mixing,71
arrive,10
cinema,3
diamond,55
maze,15
grip,4
porridge,63
floats,11
nipples,9
lying,86
ruff,102
gregory,3
harvest,7
yolk,32
cooperate,14
feathers,62
electric,17
magically,5
swallow,55
hasta,9
inquired,3
prop,3
shelly,10
racing,45
met,90
borrow,29
crossing,30
diapers,69
harvard,29
wiggle,117
diego,17
tahoe,33
ghosts,19
richard,70
rash,15
amy,41
louie,15
sorter,7
matches,62
ul,1
mustard,34
presents,96
horns,37
downtown,15
resting,26
fishy,27
dell,9
kathy,29
tiresome,2
molly,16
admit,7
raindrops,9
civil,4
siren,17
tramp,20
batch,7
urgent,16
recognize,17
smith,27
labell,5
medicine,197
wilmington,2
rah,10
flavor,60
furniture,58
doors,64
steal,33
co,28
act,38
lions,63
period,6
hamburger,111
luggage,9
blows,38
decorated,4
elegant,5
erin,23
lit,19
goal,4
dino,13
rake,96
sprinkler,38
test,68
pole,74
david,161
grasshoppers,23
papers,72
planning,19
picky,1
arizona,14
discard,2
besides,97
simple,18
ton,7
slinger,34
nippy,2
differences,3
hopes,6
wah,22
hogan,5
shed,31
honeybee,1
tickled,25
signs,13
chimes,6
grave,4
barber,23
diamonds,25
hurrah,12
health,7
barbell,3
ian,16
buses,20
teaser,4
huckle,56
approached,12
objects,6
sketch,1
eric,89
warn,11
tune,16
louise,12
glanced,2
lately,50
nephew,15
drown,11
maid,16
weary,2
razor,16
forth,97
original,8
parachute,19
pardon,35
mouths,28
angle,12
nate,15
slugger,6
grasshopper,40
hurried,32
nursery,58
charles,39
dug,10
brian,54
coo,31
muscles,35
shout,15
sunflower,9
heavens,9
supersonic,2
bully,4
bomber,31
piles,41
franklin,187
breeze,21
rumble,10
caboose,74
pence,2
onions,42
alligators,14
covered,84
towels,55
pastries,12
stanford,8
forgotten,23
rack,25
hitting,65
dr,53
thy,6
peel,83
zebras,42
celery,69
houses,58
velcro,8
boats,59
rosamund,21
curious,31
ketchup,97
jingle,20
delivering,11
thigh,4
prick,6
sliding,44
weird,78
suffocate,3
flood,9
grown,56
pump,36
writer,6
bothering,40
scene,15
strength,10
liver,15
trash,146
doc,24
spray,32
wanting,10
rogers,10
barrels,2
puffs,18
created,8
silent,13
urchin,18
necks,15
bop,14
pressing,11
doughnuts,42
investigate,6
tad,12
doh,10
steps,90
hunting,15
practiced,8
buying,45
delightful,3
announced,15
puff,43
habit,11
fighting,64
lasts,2
patch,32
lowell,1
pointed,37
sally,98
massachusetts,32
february,16
colleen,10
public,9
inky,12
olive,19
lana,5
bats,30
fixer,9
bessie,1
blankets,30
angriest,1
chat,6
scraped,3
largest,42
hardly,49
grapefruit,26
pat,136
paddling,7
uses,60
berlioz,3
known,18
order,53
sturdy,12
alls,2
caves,16
submit,2
wan,64
shoveling,10
du,19
peanuts,38
wherever,37
ga,11
doctors,30
worn,23
timon,7
prehistoric,24
coconut,26
towers,24
pepper,103
gathered,20
puppet,78
stephen,28
vegetable,51
memorized,4
raced,17
enhancing,1
dana,15
financial,1
younger,24
jewels,9
chef,13
kim,71
morty,10
imagination,39
hu,18
lemons,15
sues,6
dollar,58
chief,36
asparagus,16
fruits,23
stores,26
headed,23
georgie,37
strangest,5
carrying,117
hives,1
volleyball,8
luckily,23
coughing,32
immediately,10
pebbles,36
border,4
caterpillars,36
standardized,1
octopus,61
microwave,62
hok,9
colorful,28
sobbed,4
bitsy,34
barnes,35
pats,1
wasp,18
chowder,18
tomcat,10
considered,5
lobsters,19
itch,35
stale,15
chinese,43
shark,91
calculator,15
hoo,121
iowa,15
rub,98
pulling,142
cameron,2
scale,12
squirrels,48
stirrups,2
relaxing,7
roots,22
reaction,6
squealing,2
commentary,2
yap,5
bathrobe,17
petals,7
normally,30
mosquitoes,10
kristen,27
ointment,10
steep,14
providence,13
clear,54
rescued,16
patrol,2
don,62
system,29
marvin,18
scratched,16
truly,8
isabelle,32
treasures,14
motorcycles,21
planet,76
families,7
identify,4
surgeons,2
musicians,2
poppins,4
woodcock,10
ed,4
sign,124
paid,18
flickering,1
stampede,6
glistened,1
adorable,10
blender,18
wombat,8
screaming,45
repeat,14
pennies,99
scarves,6
hopping,20
bricks,56
biting,35
nanny,18
oswald,1
attic,11
path,36
hurting,45
banging,40
matron,2
melinda,3
object,4
recipes,7
bobber,5
doggies,77
shuts,2
groaned,6
deflated,1
advertisements,3
records,37
juniper,10
traffic,30
kent,146
pew,16
screamed,28
terence,14
decided,91
voila,9
cooked,58
groove,2
maxie,4
toiled,3
gordon,72
thingy,5
olds,8
pumps,7
examined,5
caster,1
shame,26
zoom,45
paintbrush,9
provence,6
radio,95
franny,39
bothered,39
hurl,1
shooting,36
twice,40
ronnie,35
wing,36
critter,2
lonely,40
footed,2
clamp,3
visitor,8
earrings,17
lynn,2
elaine,13
crickets,15
sole,3
breaks,41
travels,7
whispered,40
tonka,2
clunk,59
bozo,60
ives,2
undressed,10
hoarse,2
shore,14
bulk,3
opossum,51
cares,9
shows,34
dresses,43
ot,14
walnuts,15
goblins,18
disneyworld,11
inviting,8
oreo,8
feeding,95
tearing,15
surveying,1
alaska,21
badly,11
chewing,75
giles,6
feathered,2
pinocchio,51
distracted,11
slid,19
measurement,1
ally,5
beeps,6
spy,17
fluttering,5
sheets,25
swirling,7
yucca,1
snowfall,2
carolina,19
definitely,82
foil,10
hive,15
wrinkled,17
sailed,26
closest,8
vacuum,55
vroom,151
nathan,52
danced,26
racer,4
wrinkles,2
eel,11
outfit,24
goodie,10
tricycle,44
eva,12
reminded,9
mold,13
bonus,6
reflector,2
quantity,1
copper,5
porcupine,31
nibble,44
conversation,25
pushes,45
marching,12
equipment,18
logs,50
porgy,4
bib,66
focus,2
al,9
granola,36
stared,23
toss,12
golden,37
heck,34
sharing,45
desert,31
answered,56
held,60
squash,64
free,71
ordered,16
fireman,91
traveled,4
violins,2
ferdie,9
gesundheit,16
stepney,2
napoleon,1
icicles,21
effort,10
bucket,162
kate,67
shave,43
scruffy,2
curiously,3
dreams,69
behaving,4
untied,20
desks,9
spinning,52
greener,2
tiles,3
ignore,18
someplace,38
calves,6
born,150
bluish,2
cuckoo,54
california,50
scrap,15
toppled,6
gravel,10
bedroom,58
difficult,41
anna,62
hansel,15
liquids,6
married,69
west,28
flamingo,17
gung,14
easel,7
danger,26
feared,3
rawhide,1
hatch,15
rosy,8
scoop,101
slimy,17
bobcat,3
bert,122
captain,61
trust,11
flory,2
despite,1
grace,50
abuse,3
national,6
european,3
diapering,1
jeeps,2
germs,36
bumping,16
banbury,4
hearing,17
gymboree,27
posters,3
carried,42
pinchers,5
london,23
naw,15
breaking,58
romantic,6
smash,36
ambulance,78
leopard,31
pours,3
title,7
rags,23
pox,6
flora,10
kit,21
danielle,39
indiana,13
label,9
taping,42
ye,6
shoulders,28
linen,4
emory,5
sixteenth,12
takeoff,6
certainly,91
kennel,2
trapped,8
flea,11
neptune,14
foggy,6
seals,23
dull,6
comfort,5
truth,22
tyler,19
ricky,11
crashed,69
heartbeat,5
butcher,11
suggestions,5
screw,75
rowing,7
wrist,18
swish,123
laden,2
distance,21
purpose,22
airport,53
sixth,16
manners,18
shaky,20
forty,79
randolph,3
softer,9
fortnight,7
twisted,21
instrument,34
sieve,19
lick,87
janice,7
gorgeous,25
pledge,8
products,4
return,33
operator,4
flotsam,1
walrus,21
dady,3
closes,19
seek,34
recycling,10
sue,18
disney,32
final,12
flue,1
noises,66
oyster,5
condolences,2
mashed,47
dollie,70
drawn,9
glider,13
assumed,1
reh,1
sports,13
bowls,42
smoked,19
backside,2
greece,1
homely,6
canoes,2
guard,31
growling,14
stumbled,3
politely,5
betcha,11
felix,31
zoe,37
hugging,41
beeper,9
bombs,13
power,38
switched,9
exterior,1
bruised,4
betsy,6
finch,5
bouncing,40
math,22
dudley,31
root,22
expedition,3
bald,13
wands,7
throughout,6
hatching,11
stitches,14
theater,22
prepare,6
tweedle,22
beaters,5
coral,7
jest,2
carl,44
doorway,12
knocks,25
tanker,24
oklahoma,13
fooled,15
nathaniel,9
radios,2
elevator,24
combs,8
ups,20
jude,8
nibbling,9
useful,13
posing,7
astronaut,25
gorilla,45
perla,8
general,4
cheating,27
clocks,8
fathers,6
ends,32
student,6
tuck,17
brushes,33
packages,17
male,48
lou,50
fishes,37
frozen,79
feelings,14
vinegar,14
roads,17
defrost,5
giggly,5
whew,23
injured,2
choking,12
aimee,30
beat,82
robot,70
polite,17
shoo,17
petticoats,2
serving,15
mask,65
hamper,8
okey,44
magnetized,7
dis,12
faking,6
designed,3
doreen,5
owner,9
gross,90
skipping,14
offers,3
spank,42
peep,85
bog,8
bunk,26
insult,1
ainge,2
jesus,33
penis,14
splashing,28
hopscotch,6
progress,6
avocado,54
piano,76
catherine,31
jobs,9
winner,24
disciplined,1
tender,29
raffi,24
sturbridge,1
dede,29
expect,22
berries,33
cannon,8
waffles,16
horton,69
example,6
shampoo,41
sandwiches,48
kettle,27
cuddly,3
stephanie,18
giants,12
knob,36
advantage,4
devils,2
dion,5
polar,81
driven,3
paintings,15
freaked,1
appliance,2
valentines,12
lover,5
firemen,20
seatbelt,27
masks,5
ram,3
acre,5
batman,29
bush,37
stepsister,3
force,12
pops,30
storyteller,21
medical,5
shoots,13
rinse,33
kicked,26
raven,3
zipper,50
mammals,35
thief,19
social,8
prudence,18
schmutz,17
rule,19
doubt,25
surprises,20
talkers,1
forests,61
phrase,2
copy,25
bodies,38
stream,18
official,4
booties,7
based,5
dedicated,2
sting,15
sesame,87
sculptures,4
compass,11
swallowed,16
thefts,1
dumpty,19
eggplant,7
resist,7
hawaii,16
rosebush,2
rubbing,18
celebrate,8
scarecrow,19
bicycle,128
climber,5
tongues,9
bending,4
glove,50
brim,4
rosemary,8
confirm,2
towards,60
snorting,2
caramel,4
wave,76
occasion,2
certain,43
barks,11
marcus,8
jonathan,24
hubbard,4
san,23
rear,15
bahamas,2
kingdoms,1
giselle,11
bravest,3
pet,61
nasty,29
mcdonalds,13
coco,6
coping,1
blind,16
monsters,46
larger,12
scientists,3
climbed,97
woods,68
rail,5
rising,9
barley,11
warmer,13
nuns,4
arch,6
sycamore,2
acting,37
brandon,6
armadillo,41
shaggy,6
whirlpool,1
tags,6
bible,15
gran,1
touched,33
frying,11
sunflowers,8
cowboys,43
owls,68
pepperoni,24
silverware,12
glare,1
lounge,5
join,27
planting,16
saucer,57
elliot,54
mah,12
stroke,14
polish,34
wallet,32
cracked,38
verbs,1
none,97
joking,21
tattered,1
storeroom,2
jose,9
somehow,19
odd,21
lat,1
langston,4
constellations,2
main,17
knocking,37
goldilocks,44
led,27
cannot,99
bank,79
engineers,4
meatball,26
ways,45
weighs,8
dotted,6
snowed,13
skipper,5
thumper,34
flashlight,22
gymnastics,6
villagers,11
express,6
tickles,58
celeste,13
capture,14
snorted,3
dragons,12
hysterical,7
hooking,5
eater,25
foreman,2
baking,42
predict,5
aurora,21
leans,3
crown,43
cotton,30
ghost,72
dunked,1
tutu,18
assembled,2
gather,18
stegosaurus,38
sausages,21
college,26
static,7
perro,18
weasel,42
firehouse,19
swampy,1
crier,2
cure,4
crackle,3
forbidden,2
wand,44
allen,16
lassie,66
treatment,30
leapt,5
cleo,7
undo,8
provincetown,4
stepsisters,16
remind,33
aha,41
dandelion,33
kush,11
tootsie,7
streak,4
cities,10
promise,37
rings,130
squeezed,21
shrunken,1
carrier,16
whats,56
stirred,9
melody,4
warning,15
concert,22
thrown,16
burrito,4
gaudy,8
lindsay,26
forgets,9
frown,5
threatened,32
clearly,25
newly,1
logo,5
smallest,15
university,11
seventeen,48
melanie,12
lullaby,6
toilet,34
charge,56
maryann,14
shorter,20
terrence,19
securely,1
steamer,5
floss,5
eyeball,16
museums,12
moaned,6
alike,39
bree,9
cemetery,36
electricity,20
spotted,30
gardens,13
spying,5
shrimp,29
weekends,9
creepy,15
barns,5
meatballs,30
paws,40
blink,37
boxes,77
debra,6
sony,1
curtains,38
task,5
hoping,16
audio,4
enlarged,1
trimming,1
stays,90
humming,10
subject,8
louis,3
gremlin,2
rolled,73
utter,3
concentrate,5
masterpiece,9
hawk,21
parades,3
unless,82
parade,63
pigeons,20
appointment,25
benjamin,18
badger,14
speedy,5
barbies,5
feasible,2
dalmatian,8
musical,22
shaving,18
timer,18
joey,58
snapped,11
ho,116
lump,15
babar,28
moves,50
canada,33
gear,17
slingshot,10
clings,1
pith,3
bubbling,5
shocked,10
fed,35
servant,11
rent,15
flypaper,1
snout,7
turtleneck,2
coupling,2
labelled,2
duckling,16
marx,8
intrusive,2
backpacks,7
signed,6
riverbank,2
breathing,8
mute,2
littles,1
punches,2
lighter,19
knives,26
radishes,4
breathe,26
raking,26
supply,10
scotch,15
sneaked,5
wriggle,4
stamped,12
burned,47
lena,1
washed,99
spread,56
connecticut,15
bikes,24
hub,2
luna,6
enjoy,68
mmmm,6
blasted,4
dare,18
patty,35
classmates,10
construction,34
rau,1
receiver,21
donny,24
yawn,45
asthma,3
mood,36
buildings,37
noodles,86
rooms,27
harriet,12
disaster,6
sense,56
distract,4
nineteenth,9
railings,2
colander,19
law,46
otter,9
boards,8
hates,9
sow,2
baboon,11
hart,2
nicer,17
fasten,4
wired,3
christy,6
coordinated,2
raising,5
jeremy,12
vitamins,38
overalls,56
hatt,15
hedgehog,3
chilly,29
mason,12
international,3
barbecue,17
carnival,36
angrily,5
hydrant,26
haywire,1
pilot,50
dickens,1
marvelous,22
napkin,136
faced,4
friendly,48
machines,23
mulberry,6
tata,8
fictional,2
shortening,2
tuba,19
saved,47
army,11
argue,16
crooked,29
marshmallows,28
littlest,11
flaps,35
jim,18
asay,2
strangers,28
peddler,9
chain,60
nurses,27
vote,4
sloth,26
shove,10
clue,7
invited,32
autumn,12
graduated,2
jason,28
chance,32
hick,6
grumpy,34
talks,40
activity,5
heaven,26
stoplights,1
groceries,41
safekeeping,1
disturbed,2
plains,35
fives,2
showed,96
gorillas,13
powers,5
shiver,3
hoses,14
ponytail,11
lizard,49
sweeping,19
folded,19
apostrophe,1
palette,1
invite,45
iguana,17
orphan,19
dusted,5
defiantly,1
begin,34
ruins,1
neither,37
sneaks,2
trial,5
crisp,5
geraldine,7
lamborghini,1
condensed,2
guarantee,4
printing,4
sneezes,14
officer,23
east,19
snakes,56
risk,2
luis,2
bright,106
goldfish,45
boink,18
hose,63
knuckles,2
hooked,34
intellectual,2
hike,5
musketeer,9
fisherman,9
handed,11
cement,27
ireland,14
grater,9
wires,31
barb,1
princesses,11
twaddle,1
mamma,37
meadow,39
salters,1
fee,7
corduroy,72
insomnia,1
kentucky,21
within,13
guts,2
junk,52
nicely,57
palm,22
noticed,51
lock,57
suck,42
cock,63
drums,32
walls,47
english,18
shelters,2
traps,12
gates,10
division,2
tries,30
huey,28
smashing,14
washes,17
porch,51
rob,3
crows,14
statues,8
shocker,2
orangutan,11
dinky,13
march,37
almonds,19
changes,18
glittery,6
troubles,9
computers,4
doodles,1
purity,1
underwater,23
lucky,142
accept,4
southern,4
gore,4
myra,7
fang,14
monique,2
robbing,3
breather,3
cranberry,29
untangle,14
bowser,1
recorded,13
giraffes,42
counted,20
penicillin,5
sailboat,20
yer,55
wags,18
whips,1
mart,9
wondered,31
ay,17
dialing,15
trips,15
gummy,9
replied,20
newt,12
meantime,7
baked,40
hare,1
homemade,7
admired,3
grouch,12
katie,18
janet,23
bust,13
settled,16
jazz,2
delivered,10
rotary,1
scrubbing,15
hollowed,1
stamps,31
deborah,64
spiders,38
tony,44
limit,6
skirt,43
yell,44
frustrating,20
spinners,3
glen,4
daily,4
cucumbers,30
elves,23
ki,7
bruise,5
scaring,8
unpack,8
shrank,3
explore,16
esmerelda,10
blanche,22
dads,1
poet,3
dorothy,40
polka,17
opposites,18
tex,1
mill,17
liberty,10
snails,27
blushing,2
ironwood,4
hockey,24
ankle,8
baloney,30
shyly,3
twirl,20
linda,34
unicorn,19
redding,1
crashing,13
gradually,3
actors,2
thin,47
lazy,33
matters,4
moustache,23
backyard,42
memory,48
suspect,2
chases,14
transmitter,13
hated,8
lolly,16
scrambled,38
realize,39
cluck,21
peg,18
several,31
orders,8
rosey,5
ending,11
hopper,4
earring,6
fellow,25
guitars,3
manage,10
opposite,29
runaway,7
macrame,4
farmers,10
keeper,20
event,8
twin,11
towing,10
curtain,44
ons,5
slammed,10
costumes,25
saturn,22
maps,6
julia,4
lunchtime,11
lake,35
salisbury,9
identified,3
workbench,3
chubb,4
edwin,5
holy,24
passive,2
gift,44
starbucks,16
bumper,54
matched,6
repair,14
avenue,11
dwarfs,22
audiotape,1
marigold,6
therapy,5
clever,25
bruno,14
forks,26
earthquake,3
folklore,2
mosquito,23
sold,16
england,14
zone,10
nonstop,1
enjoys,3
marched,5
combination,37
weeny,8
sheet,25
hawks,11
whoever,20
dove,13
catsup,9
firefighter,24
mothers,21
fig,5
britches,5
allison,15
lightbulb,3
chester,45
grocer,18
madam,7
seaside,9
lifted,20
firmly,2
trim,23
carter,3
moneys,2
boundary,3
plug,58
showered,3
umbrellas,4
beer,29
exist,3
squirting,34
fastest,13
eohippus,3
latest,6
mabel,3
shuffle,6
raging,2
obliged,1
lotto,1
potter,2
ticklish,19
farmyard,2
sank,8
sojourner,3
trays,6
shield,8
drooped,2
moral,1
egyptian,4
bozos,1
ox,4
powerful,9
crumbs,52
wreck,14
science,12
leaving,72
sewed,13
dumper,15
transcriber,1
pointy,25
message,43
clicking,6
hooey,10
eyeballs,11
sparks,9
worth,18
passed,35
palace,45
unscramble,1
reaching,31
fur,76
fetch,14
pebble,8
elm,1
technique,1
exhausted,11
kathleen,4
amazed,12
hungary,1
cries,28
prayer,21
worried,45
messed,28
baxter,3
mittens,53
barbara,53
actual,5
fallen,24
grabbed,47
punky,14
cus,3
granny,26
lowered,4
complete,13
soldiers,14
hens,13
lorraine,11
joyce,19
twirling,11
bagel,28
hoi,3
minded,2
christ,6
pricked,4
mayonnaise,22
process,3
evan,10
eddie,40
glitter,12
drool,5
plans,10
trail,20
stripes,29
saddle,19
twelfth,8
cellar,29
highness,5
mammoths,4
carle,13
research,2
paragraph,1
laying,42
phones,38
hoes,2
oozing,12
caused,5
aunts,9
seconds,47
travelers,1
nancy,76
illegal,2
belts,12
thumbs,8
comfy,32
farther,17
roam,2
tow,105
interest,9
ole,8
scout,6
lyrics,2
stoplight,1
knox,5
pickup,10
presently,3
sodas,4
sprinkling,5
pride,50
rich,26
net,34
wiggling,19
carton,7
taxi,32
watered,11
michele,12
thankyou,18
fought,8
overflowing,3
bleeding,10
fairies,16
worries,4
marble,45
lo,8
foxes,13
sped,4
waste,34
tricky,36
creamy,8
bribe,4
spelling,21
bryce,10
guessed,7
daylight,11
submarine,16
vacationing,1
released,2
nursed,6
cleaned,58
nachos,1
hobbies,1
rebuild,4
finders,1
dam,12
sadly,19
pluto,34
ingredients,13
fights,10
flapped,6
christi,1
pairs,5
setting,27
rows,15
dividing,3
squeaky,42
accessories,2
gallons,36
breaths,3
cooling,5
stubborn,8
poking,14
mommies,47
thaw,4
reckless,5
dart,13
hap,5
loading,11
skit,2
preparing,5
kermit,22
magenta,8
booth,14
fabulous,14
blastoff,5
joyfully,2
tipping,10
ended,20
slightest,1
chee,12
mona,7
funnel,15
washington,39
quickly,120
grownup,9
escaped,13
alice,50
cardinal,12
dreaming,40
poked,16
leaped,4
loads,12
sudden,54
noon,22
solved,4
footprints,22
ruler,24
gulf,1
sweeter,2
command,1
basically,16
amuse,1
caw,2
shirley,12
simpson,1
serve,40
ballroom,7
swept,5
pills,15
tucson,20
managed,7
mam,5
dutch,8
espresso,9
agrees,1
astronauts,6
soothing,1
cooler,12
picker,2
canyon,6
williams,13
generous,6
surrounded,2
hitch,6
cash,14
gigi,119
flatten,9
leslie,21
lander,4
larry,20
muffin,44
waffle,43
snowball,17
honest,13
excellence,1
fear,13
fake,26
cords,7
mexican,9
heels,22
squeezing,16
jive,2
buggy,10
gloucester,5
smurfs,14
gypsy,10
variety,3
marcella,18
toenails,9
price,20
cheerio,25
hideous,1
spoke,13
funniest,19
webbed,3
tugs,2
listens,13
sweden,3
brad,40
dazzle,9
cart,43
mushy,30
whine,29
fever,19
commercial,23
appeared,36
licking,24
session,26
yeast,6
adventures,15
diane,21
credit,15
tigers,40
pedestrian,5
cooled,16
mo,9
mutant,5
destroyed,9
amphibians,5
complaining,11
caitlin,6
due,13
hamster,8
brenda,35
knight,13
reciting,1
twilight,5
fuel,4
kale,16
deck,11
dainty,6
eighty,22
dew,14
kyle,5
hacking,2
concept,7
prettiest,13
conditioning,3
hairs,10
stripe,13
sniffing,7
uncomfortable,15
giggle,23
william,18
stopping,22
marky,2
policewoman,2
pistachio,8
formal,1
birthdays,3
cradles,6
pinkie,17
gaby,21
faucet,24
strap,19
heated,6
ridden,2
beasts,1
leopards,8
pod,8
gained,1
cloud,55
theodore,2
whistle,108
punching,13
flipped,21
silently,3
pez,8
goo,9
knievel,6
slurp,3
glenn,5
sour,22
foe,6
cou,36
frosting,38
un,23
lemurs,3
angela,6
explained,18
opener,10
chopped,16
fussing,11
spelled,12
stork,13
willing,6
bury,11
spoonful,14
subscription,2
lauren,7
grizzly,18
outer,18
indians,46
planted,15
buzzy,1
thorny,4
pusher,2
straw,77
wank,9
lotta,41
booklet,4
jerry,42
indeed,32
roger,13
grandparents,5
leapfrog,9
backing,10
pill,15
silky,30
extras,1
epileptic,2
stronger,24
roses,29
belgium,1
frances,8
lavender,1
haunted,10
cheered,15
goin,45
styles,2
breakdown,8
snarls,11
teethe,3
cops,9
labelle,1
dusty,14
maiden,4
clank,3
stretching,12
self,24
mistress,13
nepal,21
mantle,2
chances,7
stowed,2
torn,21
pep,2
shoemakers,2
marshmallow,18
hock,2
amazes,1
grabbing,10
separate,26
plus,43
lizzie,12
bare,19
marion,7
affection,3
hooks,8
failure,1
yahoo,7
directors,1
bon,1
meal,72
oahu,2
suits,20
hotel,18
okie,4
sucker,9
pronounce,9
locking,8
nicolas,4
ling,5
clips,18
tissues,19
crush,24
aggie,4
growl,12
south,42
assure,2
goldenrod,11
magnuson,1
headlines,19
doritos,7
cooker,3
barracuda,5
stinks,10
jeans,28
drained,3
denise,12
plaza,4
laws,1
fellas,3
invitation,4
storytellers,17
crunchy,44
steer,6
agreed,17
platform,11
pinching,2
li,9
paddle,23
lambs,15
mushrooms,39
eyebrow,12
profiting,1
poisoned,4
buckles,13
sleigh,16
scares,25
applesauce,47
mash,22
liar,7
roadster,1
willy,24
petunias,8
directed,3
raspberries,33
covering,14
replies,5
forehead,21
disappeared,61
nerve,5
footsteps,11
whiz,8
paula,25
dunk,21
botanical,1
prefer,8
taco,11
flop,14
eighth,14
nik,8
parrots,15
shoelace,6
energy,20
sculpture,23
ranger,7
newspapers,8
bough,9
further,43
rubies,3
slipping,7
policemen,11
gaston,8
sailor,10
bernie,4
phooey,26
rosalee,7
paddled,7
contemporary,2
passenger,11
insect,6
float,37
kits,2
explorers,5
lollipops,15
woolly,19
boating,2
vary,1
ripped,66
jewelry,20
giddy,51
sayed,12
lucifer,4
blunk,4
photograph,12
stones,85
central,23
microphones,18
poison,19
pies,32
spare,15
treats,25
crust,25
stormy,4
punk,4
skies,16
sport,25
swear,10
virginia,37
remembers,14
hedges,2
crunch,78
mousse,14
tows,1
generation,2
evil,18
dandy,9
heel,16
barbie,8
goofy,34
roosevelt,2
katherine,1
unnecessary,1
headache,28
ponies,8
season,20
miller,16
howl,2
desperately,7
digger,35
zack,42
carob,2
recognizing,1
stout,2
shanties,2
tighten,4
waist,9
treetop,4
biscuits,27
loving,8
throne,9
shamu,24
wooden,33
spices,5
surrounding,1
exclaimed,18
jellyfish,16
coughed,4
returned,26
lean,33
splashed,15
canoe,10
popping,69
sherry,6
extension,4
gods,2
robbie,8
teachers,31
dumped,25
clogged,1
crocus,3
errands,11
sparkle,11
staring,24
robe,12
corinna,14
mule,11
footing,1
angler,12
paneling,2
whistles,5
ghostbusters,12
caroline,4
route,7
yells,3
stare,11
adventure,25
automobile,2
turban,6
less,33
peered,16
hmmm,5
souvenir,2
washcloth,8
jeanie,4
pretzel,11
incredibly,4
poultry,4
leon,3
shaped,44
melons,3
portuguese,4
dingy,6
custard,7
guided,4
pieced,1
tested,2
loose,45
bathing,57
sasha,3
erica,21
abed,1
leash,10
private,13
mammoth,22
pastry,10
nibbles,12
hops,9
banged,18
hairy,28
clang,9
robber,10
sakes,1
toaster,19
hugged,23
inch,8
cheeseburger,10
stab,4
diving,20
ticket,40
watchman,2
scallop,13
bushel,8
switching,9
rhonda,5
pressed,15
butterscotch,3
weehawken,1
squeaking,10
selling,29
naps,12
hardest,9
analytical,1
re,8
speed,21
cranberries,10
crystal,24
convincing,1
remained,4
afterward,15
similar,15
cornbread,11
smoother,32
visits,12
cactus,7
halfway,10
flavored,9
canteen,2
kiddies,4
wa,37
shakes,10
disguise,9
margie,1
goody,18
cakes,75
mature,2
underwear,34
finds,16
juicy,14
elf,7
rowboat,2
brief,6
trailing,2
natasha,10
pools,3
labeled,1
exercise,39
hullabaloo,5
guests,20
fires,16
vet,3
connected,12
famous,7
however,23
blushed,5
heroes,2
drunk,19
bookshelves,3
seagull,7
seashell,9
finale,1
rodger,4
schedule,11
celebrating,5
corvette,5
hush,28
snitching,2
entrance,5
briefcase,38
leaning,15
fiddler,24
physical,5
pleiades,1
foam,5
blouse,9
basement,33
orchestra,12
na,29
jester,2
limited,2
fortunate,1
minimum,6
cancer,2
revoir,4
miguel,1
summertime,8
christine,6
site,13
itches,3
parachuting,5
dive,14
wayland,21
arching,1
burns,10
muscle,18
pumping,7
blouses,2
catching,31
apricot,13
scream,34
axe,26
circled,5
stink,16
philippe,2
indoors,10
tractors,10
evolution,1
sparkles,6
index,11
boulder,12
kah,6
wife,59
wetter,1
miles,27
katy,12
boa,11
wailed,8
feeder,20
poopers,2
brake,5
appalachian,1
joann,5
confusing,9
forwards,9
tiara,1
aye,3
screech,6
chill,5
dias,3
material,9
err,4
jog,2
neighborhood,27
loaded,10
tumble,7
plaster,1
cooks,10
waxed,1
essay,1
snowflake,19
gayer,3
pecking,4
nanna,9
wary,2
grandstand,2
twitching,1
conductor,18
eraser,35
paco,2
destination,2
prairie,22
neil,5
stress,8
taxied,1
earlier,39
pale,10
hudson,9
stalling,3
idiotic,2
meaning,11
gusto,7
bitter,8
marking,3
referring,3
yea,6
wrestled,3
helper,25
mentioned,15
nogales,2
inflection,3
hammock,10
sack,48
adding,6
stooges,3
telly,14
cassie,23
cycle,3
susie,17
tulip,21
honeydew,6
brite,3
lyle,7
hemlock,3
nectar,11
blues,14
intake,1
morbid,3
arranged,6
bundled,4
bouillon,15
cuts,34
religiously,1
business,47
fantastic,32
petrified,3
rod,15
scribbles,3
pow,19
emergency,19
disappear,26
spiral,5
raincoat,24
apartment,29
johnson,5
lightening,9
respect,4
fuss,20
helps,54
carpenter,12
upper,3
tenny,1
dodo,6
becomes,7
dreamed,7
tubby,12
sways,3
sweeper,8
delicate,5
recital,14
sincerely,1
wildlife,2
drumstick,10
peaceful,35
shutters,4
triton,15
sneaky,4
mirrors,6
privileges,2
tights,19
cork,11
shana,3
sneezing,17
mcmanus,1
breads,2
nod,13
correctly,7
seasons,13
tyrannosaurus,21
unplugged,3
nosy,4
llama,27
roosters,12
sammy,14
brady,4
spinach,40
sendak,1
anyhow,6
tales,16
hammering,19
lovable,3
naturally,5
jalapeno,2
hesitant,1
hershey,8
chlorine,2
passes,4
pom,6
tore,24
thousands,7
become,39
faker,6
award,4
thou,2
winds,10
carroll,3
ferry,12
brat,6
lessons,18
cost,26
piloted,1
darleen,2
pause,15
helga,1
tapped,3
security,3
daffy,23
abracadabra,10
stalls,2
elenore,3
swoosh,6
waking,24
teaspoon,14
dreadful,7
thread,22
razors,2
dreary,3
delivery,27
dumpster,1
reva,14
provoke,1
fifties,4
destroy,3
types,15
brighton,2
privilege,1
maryland,8
rum,27
kenner,2
busts,8
wuzzy,14
scooping,6
teflon,1
salty,61
entitled,1
massage,13
buffers,6
seesaw,53
gooey,20
benches,7
babysat,3
calibrate,1
teetered,7
fern,1
weighed,34
cauldron,4
mere,1
mccall,1
gunner,3
ruf,18
babette,3
scrape,12
rye,14
markers,21
fares,1
whiskers,42
sleeves,28
cones,19
lantern,6
forklift,5
pentagon,31
guest,12
grandfather,21
rex,42
ranch,10
bren,2
plunk,12
strum,7
pam,8
routine,4
brew,3
separately,2
lip,22
incomplete,2
constantine,1
dible,3
adrian,5
kevin,29
volume,11
valentine,33
fairest,8
submerged,1
fattening,1
seldom,1
alien,13
krystal,37
sips,1
level,18
ghostbuster,2
wrapped,31
mouthful,16
nearby,26
numb,1
history,20
cargo,18
revolutionary,1
seventeenth,4
performed,3
grenade,1
dub,24
piper,23
hairdresser,2
packing,15
freeway,4
fry,22
eleventh,12
alarm,19
clearing,12
tin,27
woken,6
jolly,16
yellows,10
differently,9
broomstick,1
response,3
notes,15
cheers,13
monterey,2
exit,4
lungs,3
stevie,1
offs,1
velociraptor,8
fort,14
trout,4
louisiana,11
tents,3
skating,20
bangs,14
foal,3
volcanos,3
siamese,4
skulls,3
bloom,2
reporter,22
fills,9
chewed,16
packs,8
mate,3
prepared,12
menace,1
hurray,33
beeping,13
garlic,48
plugged,27
smurf,14
meeting,40
elena,3
worse,38
pooped,11
sprayed,3
flashing,22
magicians,1
skis,6
proven,1
ladybugs,43
dude,18
awning,3
pocahontas,9
pitch,15
outdoors,41
thayer,7
connection,5
altogether,6
drips,11
icing,36
ironing,8
procession,2
delectable,1
drawbridge,6
murmur,1
grill,16
adult,10
beehive,7
belles,2
vaccines,2
series,6
neighbors,11
wedged,1
avoid,8
internet,3
burglar,4
tube,36
tote,4
herb,7
corners,12
turbo,13
officers,9
casting,1
sculptor,1
scored,4
anemone,24
stands,33
replying,3
bottoms,17
goof,5
practically,13
cell,9
yow,7
albert,8
shades,12
anthony,25
smokes,4
frightening,7
collapse,3
toddlers,4
kika,1
bicycles,13
recognizable,1
oregon,12
strollers,5
nephews,1
frannie,12
ordinary,4
riot,6
wits,2
nutritious,4
whereas,2
speck,6
aiming,4
narrow,30
antler,2
goblin,9
fart,3
knapsack,1
accessible,1
ronny,8
liza,40
strike,14
pets,15
wins,9
acrobatics,1
nicky,51
area,21
pointer,5
guide,10
reflecting,4
sec,33
ripping,4
borrowing,4
shepherd,2
teaspoons,4
informally,1
chop,83
quiver,10
washoe,1
petrie,7
membership,3
spigot,10
talkies,2
tilted,2
brownies,16
wider,14
dial,53
lumpy,11
wildflower,3
lane,13
ours,42
patches,5
swooped,6
delay,1
customary,2
operate,6
cricket,16
wobbly,9
stable,15
armadillos,13
stinky,25
sean,20
thanksgiving,49
cutters,10
trumpet,11
meets,5
robby,2
miserable,9
appel,1
agreeable,3
rose,52
cubbyhole,8
bracelets,5
women,39
tambourine,10
bandage,9
marge,9
typewriters,2
ms,13
dropping,23
brakes,21
pu,4
contract,2
crummy,10
beet,2
local,3
search,21
cheer,24
saam,1
moisture,2
dipped,11
especially,58
favorites,20
brook,4
drainer,3
ultra,1
grease,13
intend,5
unbuttoned,6
bored,32
fatty,1
spends,5
confusion,3
huff,11
bulls,37
soles,3
factory,34
encore,3
tuner,6
chests,3
uninvited,2
baltimore,7
alternatives,1
knots,14
studio,9
cutouts,1
squirted,8
relish,7
cramps,4
khan,4
stares,2
tassel,1
produce,3
whomever,1
holders,9
pasted,2
affect,3
smack,14
teenage,6
retire,1
kaboom,24
raft,10
salamis,1
usual,15
spend,40
buckets,5
margaret,20
injure,2
lava,2
devil,10
whining,22
patricia,6
discouraged,2
simply,12
diver,9
bladder,1
toots,4
pacifier,10
shelter,2
removed,5
crowd,16
tupperware,4
operation,6
lola,21
torturing,1
spanked,10
paged,2
flukes,1
cabbages,6
dumping,16
ripe,44
claudia,2
stages,2
perfume,4
wished,12
marmo,8
curl,14
aisles,3
ties,10
ideas,24
hairstyle,1
cheapest,3
bullets,4
poof,11
eileen,10
sunrise,4
precious,7
homerun,3
francis,15
inspector,2
velvet,4
chinatown,3
italy,32
zooming,5
lousy,6
campaign,2
rick,8
jones,26
disgusting,22
grunting,1
brendan,5
hides,11
nintendo,20
jenna,4
rudolf,15
sales,17
crista,1
ca,12
merchant,3
canals,10
memorable,2
witches,22
guppies,1
bleachers,2
tipped,16
shipwreck,1
manager,22
breast,20
rifles,3
lalla,1
roping,5
cheerful,8
classroom,14
knead,12
figures,11
evel,1
cucumber,27
platter,3
vessel,2
mumbling,5
apparently,25
polished,7
maurice,5
cookbook,11
trials,1
im,7
rocked,21
containers,8
trolley,15
particularly,12
boxer,2
mika,1
shine,20
artist,32
antennas,1
marsh,15
bucy,9
sooner,17
whipped,7
drug,7
trombone,12
guava,10
itching,3
satin,4
skeleton,12
bows,13
zinnia,2
expecting,4
margot,3
aces,1
juggling,7
jackets,15
yoga,17
owns,8
sebastian,12
enemy,5
dazzling,2
ti,5
article,5
beneath,16
sighed,13
hem,1
mourning,6
screen,30
korean,2
messenger,6
thistle,4
stolen,11
banister,2
graduating,3
harlow,2
abort,1
furious,6
mallard,1
fortunately,6
icicle,7
dempsey,1
chuck,5
cot,1
spook,2
fez,4
wintertime,4
refueled,1
sneak,22
regulate,3
liking,11
humans,11
filthy,24
mitten,14
briefly,1
safely,60
mink,3
retired,2
reflection,12
grinding,4
reptiles,8
tense,2
colder,10
midnight,19
stools,6
haw,14
skiing,12
celebration,11
cymbals,7
burke,6
bingo,13
fisted,2
veterinarian,1
australian,4
nother,4
bouncer,1
yack,19
cathy,25
recently,35
bottomless,1
form,14
jewel,3
curve,15
bland,1
rap,8
gobbled,8
experiment,10
gifts,17
lynx,10
creating,2
dashed,7
guild,2
detective,5
request,2
oysters,1
safari,11
major,8
mitchell,10
tale,9
jess,6
ninny,10
leader,11
lead,7
waits,7
buzzing,24
owned,8
pong,2
transmission,6
jail,13
patio,5
study,65
safety,18
horizon,6
gases,2
explain,33
destruction,2
gertie,6
makin,4
mega,2
plodded,2
crossed,17
tenure,2
rare,6
troubled,1
peacocks,9
joined,13
favors,3
bess,7
cowie,1
stickiest,2
combed,9
chutes,4
arnold,5
dwarf,2
oz,7
tortilla,20
ja,4
greedy,10
enchanted,21
gordy,1
tile,8
armoire,4
predecessors,1
slower,10
rue,2
sweatshirt,18
capes,3
morsel,2
breaded,2
ropes,10
waitresses,1
wonderland,6
relief,6
jeffrey,8
kindness,3
librarian,3
infected,2
carney,5
alexis,8
killing,8
sitter,3
rufus,9
laser,2
bruce,12
curvy,8
sedated,1
elbows,42
wreckage,4
cecile,8
dopey,10
pierre,14
wells,4
nuggets,5
mitt,4
lowering,4
birdfeeder,3
wisdom,2
demolished,1
character,9
support,8
praying,6
toddler,24
openings,2
brace,4
styled,4
sardines,10
escorted,3
effects,4
goldfinch,2
professor,20
fountain,18
language,31
tugged,3
cory,11
smokey,10
prob,5
drooling,11
pretzels,21
curry,6
oregano,2
wheelchair,14
squire,2
scab,7
slither,3
alana,1
gwen,12
officially,1
mend,4
rushed,34
zillion,1
serious,30
hazel,13
vivid,1
hiked,3
volunteer,2
martin,15
gasoline,9
court,6
typewriter,13
grandmas,21
blacksmith,1
twins,30
frankenstein,2
cosy,4
arrows,14
soaked,8
dallas,11
aristocrat,2
mats,6
meals,18
capital,7
dentures,3
wick,3
sprawled,1
convertible,5
whichever,9
windmill,21
judges,3
continued,6
sparkling,9
conceive,2
kreuger,2
enclose,2
shoemaker,9
comet,8
chalks,4
tawny,1
whites,5
val,4
smelly,19
sifted,2
prominent,1
fighters,16
amara,2
sizzle,22
extended,3
streets,16
tuesdays,3
dicky,3
blocked,8
stewardess,9
curved,13
spectacle,5
cling,8
muppet,3
sissy,1
darn,19
ledge,10
kimono,2
electrical,1
filth,1
layer,8
receding,1
docks,11
hoped,13
damage,4
blitzen,4
yawned,15
faithful,20
heidi,12
undone,8
glee,6
beaker,2
secluded,2
articles,2
details,3
harpsichord,7
seekers,1
aging,1
frantic,1
affair,5
secrets,14
nun,8
depends,15
bluebirds,3
parked,22
tapping,5
foundation,8
reunion,3
tumbling,13
verb,4
saint,11
enters,4
storage,5
mission,5
scratching,19
gracie,6
shaka,6
checkers,10
bessy,6
sterile,4
alfalfa,2
particular,23
croquet,4
beatrix,1
crawled,13
launch,1
mole,12
lockers,1
colt,3
donkeys,10
graffiti,3
alli,3
creaky,1
raked,6
bass,9
laughter,4
responsibility,3
bra,8
vernon,5
thousandth,3
messages,6
motorbike,3
shade,32
dong,34
brunswick,8
volcano,12
nicest,5
tug,22
ashore,4
habits,1
partly,8
lenny,4
glamour,1
familiar,21
enjoying,25
wo,4
modest,2
jumper,6
kwanza,7
workmen,1
anti,1
firm,15
percent,16
locks,7
postman,8
fingernail,23
dangling,8
tranquilizer,1
mani,6
cheryl,5
zucchini,17
dense,4
style,14
beating,19
aboard,24
frighten,11
leaks,1
inventing,1
aggressive,1
drugs,2
pain,17
clicks,5
refreshment,1
pit,12
cramped,2
confirmation,2
beem,3
scolded,2
stance,1
constantly,8
boiled,10
pearl,16
clover,16
vim,23
gras,1
camels,13
honking,3
arcade,1
propellers,16
knitting,5
total,10
motorbikes,1
smashed,29
fierce,7
greasy,16
smear,5
drawings,9
tempered,1
pro,3
imaginary,3
wrinkle,4
varieties,2
courage,33
joshua,12
subway,17
killed,52
obviously,18
beige,6
unconscious,4
workers,19
related,17
almanac,3
conk,1
appetite,4
magnolia,3
worst,9
gallon,5
tallahassee,3
builder,20
slam,15
deserves,4
gloomy,6
georgia,30
colorado,22
tri,11
yodel,1
tattooed,11
discussing,2
rocker,11
smarter,3
sores,1
mick,1
finest,5
excavator,3
pray,5
mime,1
pest,5
common,11
tormenting,1
fertilizes,1
toads,2
ballon,4
poem,10
various,5
peed,5
hind,6
picnics,12
shortcut,5
ali,4
bead,19
mints,2
chilled,1
recall,4
nestled,3
waned,1
sensitive,3
version,9
cardy,3
fluffs,1
boogie,2
carlo,8
october,16
uniform,18
continue,17
shimmy,13
panties,28
tens,2
troll,9
eighths,1
marie,51
helicopters,4
haunt,1
fleeing,2
ballet,22
murmured,7
hesitated,2
twists,2
result,1
weedy,2
margarine,2
snazzy,10
soiled,2
notebooks,1
marsupials,10
husky,4
ross,1
aside,16
chameleon,6
technically,2
jackie,24
imitating,4
unicycle,5
sie,2
smirk,2
filing,3
sharpen,11
bucks,13
havoc,1
nee,4
trembled,3
transcribe,10
argument,11
softballs,1
mammal,16
tolerance,1
laboratory,1
mic,20
tackles,1
otherwise,37
replaces,1
glues,1
thumping,7
parmesan,5
offering,6
tortoises,5
nellie,5
beater,19
joanna,13
leak,3
ostriches,3
opera,4
lurch,9
novel,3
ark,10
pearls,7
striped,35
harbor,11
bullet,2
emmy,11
seventh,17
jake,21
massaging,5
deb,5
pails,5
ala,1
repeated,3
minimal,2
gregg,1
playful,11
righteousness,1
haste,1
presidents,5
shelves,10
snapping,7
pal,25
campfire,5
license,12
penelope,7
multicolored,6
liz,12
buzz,42
muck,18
beatles,9
marmalade,15
bridle,4
st,14
bulldog,4
complicated,11
shines,6
tendency,5
twinkles,6
tarzan,3
chili,5
mimi,30
desolate,1
oats,10
funeral,4
teething,11
hut,5
dairy,14
services,6
holiday,23
proved,3
hondo,11
ganymede,4
moist,4
buys,18
yoko,5
dour,1
swine,6
log,33
loosened,1
funded,2
theirs,13
moly,11
measured,7
straighten,35
draining,2
extending,1
speaker,16
jacques,8
lifetime,3
prove,1
menorah,5
disconnected,1
loaf,18
mans,3
earliest,4
poo,54
framingham,4
ensures,1
spaceship,36
deliveries,4
threat,1
ward,3
marker,18
bing,21
trafton,4
ev,9
creeping,5
apt,1
activities,3
starches,1
prettier,7
pups,3
upward,8
adjusting,5
davie,1
invisible,21
hotdog,3
sulfur,2
cashew,3
bryan,3
blimp,4
edna,39
tortillas,10
behave,14
professions,1
searched,12
chocolates,1
silks,1
greetings,2
dinnertime,5
salute,3
bounced,15
tut,10
harmonica,14
amigo,4
wastebasket,26
wednesdays,3
forgetting,18
beady,3
raccoons,8
fitting,6
steaks,2
lockey,3
tables,17
trowel,6
creative,4
roaring,10
iceberg,4
votes,2
rubbery,4
distress,4
joanne,9
speeder,1
strands,2
controls,6
dilly,7
torpedo,2
laundromat,8
pulls,25
giggling,5
folds,1
veggies,7
shakers,5
sherbert,7
roughly,1
golfer,5
middlesex,2
squashed,14
hips,5
gumbo,2
germ,17
awesome,38
stormed,1
rooftops,10
heaping,2
death,15
banquet,2
outdoor,5
twisters,2
boyfriend,9
flavors,8
mavis,7
nay,7
opal,1
buoy,4
racket,24
vinnie,8
defense,1
interview,5
postal,2
grownups,9
contribute,1
camp,50
palatable,1
sedum,3
arkansas,6
bothers,7
organized,11
offered,7
moonlight,10
minneapolis,6
woburn,1
ooze,2
piccolo,5
midgets,2
bifocal,2
lurched,2
questioning,1
mane,13
peddle,5
howdy,3
useless,2
runway,6
master,21
surely,7
brownish,3
swirl,15
grahams,4
successful,2
disturbing,4
remote,14
obvious,6
success,8
delighted,4
skate,22
doable,3
darcy,1
tim,21
fender,2
presenting,5
